Facility,Alias,Type
Alaska VA HCS,Alaska VA HCS (Not in VA Dimensions),source_observed
Alaska VA HCS,Alaska VA HCS,canonical
Albany Stratton VA Medical Center,Albany Stratton VA Medical Center,canonical
Amarillo VA Health Care System,Amarillo VA Health Care System,canonical
Atlanta VA Health Care System,Atlanta VA Medical Center,source_observed
Atlanta VA Health Care System,Atlanta VA Health Care System,canonical
Audie L. Murphy Memorial VA Hospital,VA South Texas Health Care System,source_observed
Audie L. Murphy Memorial VA Hospital,Audie L. Murphy Memorial VA Hospital,canonical
Baltimore VA Medical Center,Perry Point VA Medical Center,source_observed
Baltimore VA Medical Center,VA Maryland Health Care System,source_observed
Baltimore VA Medical Center,Baltimore VA Medical Center,canonical
Battle Creek VA Medical Center,Battle Creek VA Medical Center,canonical
Birmingham VA Medical Center,Birmingham VA Medical Center,canonical
Boise VA Medical Center,Boise VA Medical Center,canonical
C.W. Bill Young VA Medical Center,Bay Pines VA Healthcare System,source_observed
C.W. Bill Young VA Medical Center,C.W. Bill Young VA Medical Center,canonical
Canandaigua VA Medical Center,VA Finger Lakes Healthcare System,source_observed
Canandaigua VA Medical Center,Canandaigua VA Medical Center,canonical
Carl Vinson VA Medical Center,Carl Vinson VA Medical Center,canonical
Central Alabama Veterans Health Care System,Central Alabama Veterans Health Care System,canonical
Central Arkansas Veterans Healthcare System,John L. McClellan Memorial Veterans Hospital (includes Eugene J. Towbin),source_observed
Central Arkansas Veterans Healthcare System,Central Arkansas Veterans Healthcare System,canonical
Central Texas Veterans Health Care System,"Olin E. Teague VA Medical Center (Temple, TX)",source_observed
Central Texas Veterans Health Care System,Central Texas Veterans Health Care System,canonical
Charles George VA Medical Center,"Charles George VA Medical Center (Asheville, NC)",source_observed
Charles George VA Medical Center,Charles George VA Medical Center,canonical
Charlie Norwood VA Medical Center,"Charlie Norwood VA Medical Center (Augusta, GA)",source_observed
Charlie Norwood VA Medical Center,Charlie Norwood VA Medical Center,canonical
Chillicothe VA Medical Center,Chillicothe VA Medical Center,canonical
Cincinnati VA Medical Center,Cincinnati VA Medical Center,canonical
Coatesville Veterans Affairs Medical Center,Coatesville Veterans Affairs Medical Center,canonical
Dayton VA Medical Center,Dayton VA Medical Center,canonical
Doris Miller VA Medical Center,"Doris Miller VA Medical Center (Waco, TX)",source_observed
Doris Miller VA Medical Center,Doris Miller VA Medical Center,canonical
Durham VA Medical Center,Durham VA Health Care System,source_observed
Durham VA Medical Center,Durham VA Medical Center,canonical
Eastern Oklahoma VA Health Care System,Jack C. Montgomery VA Medical Center,source_observed
Eastern Oklahoma VA Health Care System,Eastern Oklahoma VA Health Care System,canonical
Edith Nourse Rogers Memorial Veterans Hospital,"VA Bedford Healthcare System (Bedford, MA)",source_observed
Edith Nourse Rogers Memorial Veterans Hospital,Edith Nourse Rogers Memorial Veterans Hospital,canonical
"Edward Hines, Jr. VA Hospital","Edward Hines, Jr. VA Hospital",canonical
El Paso VA Health Care System,El Paso VA Health Care System,canonical
Fargo VA Health Care System,Fargo VA Health Care System,canonical
G.V. (Sonny) Montgomery VA Medical Center,"G.V. (Sonny) Montgomery VA Medical Center (Jackson, MS)",source_observed
G.V. (Sonny) Montgomery VA Medical Center,G.V. (Sonny) Montgomery VA Medical Center,canonical
Hampton VA Medical Center,Hampton VA Medical Center,canonical
Harry S. Truman Memorial Veterans' Hospital,"Harry S. Truman Memorial Veterans' Hospital (Columbia, MO)",source_observed
Harry S. Truman Memorial Veterans' Hospital,Harry S. Truman Memorial Veterans' Hospital,canonical
Hershel Woody Williams VA Medical Center,"Hershel Woody Williams VA Medical Center (Huntington, WV)",source_observed
Hershel Woody Williams VA Medical Center,Hershel Woody Williams VA Medical Center,canonical
Hunter Holmes McGuire VA Medical Center,"Hunter Holmes McGuire VA Medical Center (Richmond, VA)",source_observed
Hunter Holmes McGuire VA Medical Center,Hunter Holmes McGuire VA Medical Center,canonical
Iowa City VA Health Care System,Iowa City VA Medical Center,source_observed
Iowa City VA Health Care System,Iowa City VA Health Care System,canonical
James A. Haley Veterans' Hospital,"James A. Haley Veterans' Hospital (Tampa, FL)",source_observed
James A. Haley Veterans' Hospital,James A. Haley Veterans' Hospital,canonical
James J. Peters VA Medical Center,"James J. Peters VA Medical Center (includes East Orange, Bronx)",source_observed
James J. Peters VA Medical Center,James J. Peters VA Medical Center,canonical
Jesse Brown VA Medical Center,"Jesse Brown VA Medical Center (Chicago, IL)",source_observed
Jesse Brown VA Medical Center,Jesse Brown VA Medical Center,canonical
John D. Dingell VA Medical Center,"John D. Dingell VA Medical Center (Detroit, MI)",source_observed
John D. Dingell VA Medical Center,John D. Dingell VA Medical Center,canonical
Jonathan M. Wainwright Memorial VAMC - Walla Walla VA,Jonathan M. Wainwright Memorial VAMC - Walla Walla VA (Not in VA Dimensions),source_observed
Jonathan M. Wainwright Memorial VAMC - Walla Walla VA,Jonathan M. Wainwright Memorial VAMC - Walla Walla VA,canonical
Kansas City VA Medical Center,Kansas City VA Medical Center,canonical
Lebanon VA Medical Center,"Lebanon VA Medical Center (Lebanon, PA)",source_observed
Lebanon VA Medical Center,Lebanon VA Medical Center,canonical
Lexington VA Health Care System,Lexington VA Health Care System,canonical
Louis Stokes Cleveland VA Medical Center,Louis Stokes Cleveland VA Medical Center,canonical
"Louisville VA Medical Center (AKA: Robley Rex VA, Louisville, KY)","Louisville VA Medical Center (AKA: Robley Rex VA, Louisville, KY)",canonical
Malcom Randall VA Medical Center,"North Florida/South Georgia Veterans Health System (Gainesville, FL)",source_observed
Malcom Randall VA Medical Center,Malcom Randall VA Medical Center,canonical
Manchester VA Medical Center,Manchester VA Medical Center,canonical
Mann-Grandstaff VA Medical Center,"Mann-Grandstaff VA Medical Center (Spokane, WA)",source_observed
Mann-Grandstaff VA Medical Center,Mann-Grandstaff VA Medical Center,canonical
Martinsburg VA Medical Center,Martinsburg VA Medical Center,canonical
Memphis VA Medical Center,Memphis VA Medical Center,canonical
Miami VA Healthcare System,Bruce W. Carter VA Medical Center,source_observed
Miami VA Healthcare System,Miami VA Healthcare System,canonical
Michael E. DeBakey VA Medical Center,"Michael E. DeBakey VA Medical Center (Houston, TX)",source_observed
Michael E. DeBakey VA Medical Center,Michael E. DeBakey VA Medical Center,canonical
Milwaukee VA Medical Center,Milwaukee VA Medical Center (includes Clement J. Zablocki VAMC),source_observed
Milwaukee VA Medical Center,Milwaukee VA Medical Center,canonical
Minneapolis VA Health Care System,Minneapolis VA Medical Center,source_observed
Minneapolis VA Health Care System,Minneapolis VA Health Care System,canonical
Mountain Home VA Healthcare System,"James H. Quillen VA Medical Center (Johnson City, TN)",source_observed
Mountain Home VA Healthcare System,Mountain Home VA Healthcare System,canonical
New Mexico VA Health Care System,"Raymond G. Murphy VA Medical Center (Albuquerque, NM)",source_observed
New Mexico VA Health Care System,New Mexico VA Health Care System,canonical
Northern Arizona VA Health Care System,Northern Arizona VA Health Care System,canonical
"Northport VA Medical Center (Fort Salonga, New York)","Northport VA Medical Center (Fort Salonga, New York)",canonical
Oklahoma City VA Medical Center,Oklahoma City VA Health Care System,source_observed
Oklahoma City VA Medical Center,Oklahoma City VA Medical Center,canonical
Omaha VA Medical Center,VA Nebraska Western Iowa Health Care System,source_observed
Omaha VA Medical Center,Omaha VA Medical Center,canonical
Orlando VA Medical Center,Orlando VA Medical Center,canonical
Overton Brooks VA Medical Center,"Overton Brooks VA Medical Center (Shreveport, LA)",source_observed
Overton Brooks VA Medical Center,Overton Brooks VA Medical Center,canonical
Philadelphia VA Medical Center,Philadelphia VA Medical Center,canonical
Phoenix VA Health Care System,Carl T. Hayden Veterans Affairs Medical Center,source_observed
Phoenix VA Health Care System,Phoenix VA Health Care System,canonical
Portland VA Medical Center,VA Portland Health Care System,source_observed
Portland VA Medical Center,Portland VA Medical Center,canonical
Providence VA Medical Center,Providence VA Medical Center,canonical
Ralph H. Johnson VA Medical Center,"Ralph H. Johnson VA Medical Center (Charleston, SC)",source_observed
Ralph H. Johnson VA Medical Center,Ralph H. Johnson VA Medical Center,canonical
Richard L. Roudebush VA Medical Center,"Richard L. Roudebush VA Medical Center (Indianapolis, IL)",source_observed
Richard L. Roudebush VA Medical Center,Richard L. Roudebush VA Medical Center,canonical
Robert J. Dole VA Medical Center,"Robert J. Dole VA Medical Center (Wichita, KS)",source_observed
Robert J. Dole VA Medical Center,Robert J. Dole VA Medical Center,canonical
Salem VA Medical Center,"Salem VA Medical Center (Salem, VA)",source_observed
Salem VA Medical Center,Salem VA Medical Center,canonical
San Francisco VA Medical Center,San Francisco VA Health Care System,source_observed
San Francisco VA Medical Center,San Francisco VA Medical Center,canonical
Sioux Falls VA Health Care System,Sioux Falls VA Health Care System,canonical
Southeast Louisiana Veterans Health Care System (New Orleans),Southeast Louisiana Veterans Health Care System (New Orleans),canonical
Southern Arizona VA Health Care System,"Southern Arizona VA Health Care System (Tucson, AZ)",source_observed
Southern Arizona VA Health Care System,Southern Arizona VA Health Care System,canonical
St. Cloud VA Health Care System,St. Cloud VA Health Care System,canonical
St. Louis VA Medical Center,John Cochran VA Medical Center,source_observed
St. Louis VA Medical Center,VA St. Louis Health Care System,source_observed
St. Louis VA Medical Center,St. Louis VA Medical Center,canonical
Syracuse VA Medical Center,Syracuse VA Medical Center,canonical
Togus VA Medical Center,"Togus VA Medical Center (Togus, ME)",source_observed
Togus VA Medical Center,Togus VA Medical Center,canonical
Tuscaloosa VA Medical Center,Tuscaloosa VA Medical Center,canonical
VA Alexandria,VA Alexandria (Not in VA Dimensions),source_observed
VA Alexandria,VA Alexandria,canonical
VA Ann Arbor Healthcare System,Ann Arbor VA Medical Center,source_observed
VA Ann Arbor Healthcare System,VA Ann Arbor Healthcare System,canonical
VA Boston Healthcare System,"Sam Rayburn Memorial Veterans Center (includes Brockton, Jamaica Plain, West Roxbury)",source_observed
VA Boston Healthcare System,VA Boston Healthcare System,canonical
VA Butler Healthcare,"VA Butler Healthcare (Butler, PA)",source_observed
VA Butler Healthcare,VA Butler Healthcare,canonical
VA Caribbean Healthcare System,"VA Caribbean Healthcare System (San Juan, PR)",source_observed
VA Caribbean Healthcare System,VA Caribbean Healthcare System,canonical
VA Central California Health Care System,Fresno VA Medical Center,source_observed
VA Central California Health Care System,VA Central California Health Care System,canonical
VA Central Iowa Health Care System,"VA Central Iowa Health Care System (Des Moines, IA)",source_observed
VA Central Iowa Health Care System,VA Central Iowa Health Care System,canonical
VA Central Office,United States Department of Veterans Affairs,source_observed
VA Central Office,Veterans Health Administration,source_observed
VA Central Office,VA Central Office,canonical
VA Central Western Massachusetts Healthcare System,"VA Central Western Massachusetts Healthcare System (Northampton, MA)",source_observed
VA Central Western Massachusetts Healthcare System,VA Central Western Massachusetts Healthcare System,canonical
VA Connecticut Healthcare System,"VA Connecticut Healthcare System (West Haven, CT)",source_observed
VA Connecticut Healthcare System,VA Connecticut Healthcare System,canonical
VA Eastern Colorado Health Care System,Denver VA Medical Center,source_observed
VA Eastern Colorado Health Care System,"VA Rocky Mountain Mental Illness Research, Education and Clinical Center",source_observed
VA Eastern Colorado Health Care System,VA Rocky Mountain Network,source_observed
VA Eastern Colorado Health Care System,VA Eastern Colorado Health Care System,canonical
VA Eastern Kansas Health Care System,Colmery-O'Neil VA Medical Center,source_observed
VA Eastern Kansas Health Care System,Dwight D. Eisenhower VA Medical Center,source_observed
VA Eastern Kansas Health Care System,VA Eastern Kansas Health Care System,canonical
VA Hudson Valley Health Care System,"VA Hudson Valley Health Care System (includes Castle Point Campus and Montrose, NY)",source_observed
VA Hudson Valley Health Care System,VA Hudson Valley Health Care System,canonical
VA Illiana Health Care System,VA Illiana Health Care System,canonical
VA Loma Linda Healthcare System,Jerry L. Pettis Memorial VA Medical Center,source_observed
VA Loma Linda Healthcare System,VA Loma Linda Healthcare System,canonical
VA Long Beach Healthcare System,Tibor Rubin VA Medical Center,source_observed
VA Long Beach Healthcare System,VA Long Beach Healthcare System,canonical
VA Montana Health Care System,VA Montana Health Care System,canonical
VA NY Harbor Healthcare System,VA NY Harbor Healthcare System (includes Brooklyn and Manhattan),source_observed
VA NY Harbor Healthcare System,VA NY Harbor Healthcare System,canonical
VA New Jersey Health Care System,East Orange VA Medical Center (includes Lyons),source_observed
VA New Jersey Health Care System,New York/New Jersey VA Health Care Network,source_observed
VA New Jersey Health Care System,VA New Jersey Health Care System,canonical
VA North Texas Health Care System,"VA North Texas Health Care System (Dallas, TX)",source_observed
VA North Texas Health Care System,VA North Texas Health Care System,canonical
VA Northern California Health Care System,Sacramento VA Medical Center,source_observed
VA Northern California Health Care System,VA Northern California Health Care System,canonical
VA Pacific Islands Health Care System,"VA Pacific Islands Health Care System (Honolulu, HI)",source_observed
VA Pacific Islands Health Care System,VA Pacific Islands Health Care System,canonical
VA Palo Alto Health Care System,VA Palo Alto Health Care System (includes Menlo Park),source_observed
VA Palo Alto Health Care System,VA Palo Alto Health Care System,canonical
VA Pittsburgh Healthcare System,VA Pittsburgh Healthcare System (includes H.J. Heinz Campus),source_observed
VA Pittsburgh Healthcare System,VA Pittsburgh Healthcare System,canonical
VA Puget Sound Health Care System,VA Puget Sound Health Care System (includes American Lake),source_observed
VA Puget Sound Health Care System,VA Puget Sound Health Care System,canonical
VA Salt Lake City Health care System,George E. Wahlen Department of VA Medical Center,source_observed
VA Salt Lake City Health care System,VA Salt Lake City Health care System,canonical
VA San Diego Healthcare System,VA San Diego Healthcare System,canonical
VA Sepulveda Ambulatory Care Center,VA Sepulveda Ambulatory Care Center,canonical
VA Sierra Nevada Health Care System,"VA Sierra Nevada Health Care System (Reno, NV)",source_observed
VA Sierra Nevada Health Care System,VA Sierra Nevada Health Care System,canonical
VA Southern Nevada Healthcare System,"VA Southern Nevada Healthcare System (Las Vegas, NV)",source_observed
VA Southern Nevada Healthcare System,VA Southern Nevada Healthcare System,canonical
VA Tennessee Valley Healthcare System,Nashville VA Medical Center,source_observed
VA Tennessee Valley Healthcare System,VA Tennessee Valley Healthcare System,canonical
VA West Los Angeles Medical Center,VA Greater Los Angeles Healthcare System,source_observed
VA West Los Angeles Medical Center,VA West Los Angeles Medical Center,canonical
VA Western Colorado (Grand Junction),VA Western Colorado (Grand Junction),canonical
VA Western New York Healthcare System,Buffalo VA Medical Center,source_observed
VA Western New York Healthcare System,VA Western New York Healthcare System at Batavia,source_observed
VA Western New York Healthcare System,VA Western New York Healthcare System,canonical
Veterans Health Care System of the Ozarks,Fayetteville VA Medical Center,source_observed
Veterans Health Care System of the Ozarks,Veterans Health Care System of the Ozarks,canonical
W. G. (Bill) Hefner VA Medical Center,"W. G. (Bill) Hefner VA Medical Center (Salisbury, NC)",source_observed
W. G. (Bill) Hefner VA Medical Center,W. G. (Bill) Hefner VA Medical Center,canonical
Washington DC VA Medical Center,Washington DC VA Medical Center,canonical
West Palm Beach VA Medical Center,West Palm Beach VA Medical Center,canonical
White River Junction VA Medical Center,White River Junction VA Medical Center,canonical
Wilkes-Barre VA Medical Center,Wilkes-Barre VA Medical Center,canonical
William S. Middleton Memorial Veterans Hospital,"William S. Middleton Memorial Veterans Hospital (Madison, WI)",source_observed
William S. Middleton Memorial Veterans Hospital,William S. Middleton Memorial Veterans Hospital,canonical
Wilmington VA Medical Center,Wilmington VA Medical Center,canonical
Wm. Jennings Bryan Dorn VA Medical Center,Columbia VA Health Care System,source_observed
Wm. Jennings Bryan Dorn VA Medical Center,Wm. Jennings Bryan Dorn VA Medical Center,canonical
