authority_key,canonical_name,candidate_alias,publication_count,pmids,source,query,publication_date_range,review_status
va-station:526,James J. Peters VA Medical Center,James J. Peters VA Medical Center,101,"39843750;39631398;39483982;39230903;41282859;40603300;40790053;40766144;42094142;41040697;42094828;41942462;42331820;41036176;42636814;41293024;39677435;40480991;42026043;39821041;42261875;41145887;41697960;41438749;41847031;42120872;41356351;42225969;40975891;42463696;40317946;41519853;39834128;40760184;39406997;39580497;39711543;40348910;41468323;41143086;40335693;41726966;40900112;40994377;39435685;40952841;39962241;41840879;40483322;42094169;40049579;40650481;40433620;41875888;40894024;40654270;39725299;41565822;39148830;40581615;39299657;40374613;39731528;39362849;42348709;41662089;41831411;40856997;39578476;40862212;42094125;42556641;40762913;39116382;40377497;40156507;41509359;40234685;40516534;40550690;41290877;40133425;40033057;42313042;42138988;41757014;40964026;39086734;41298341;42616109;42581323;40423966;41673463;40949945;41331360;42492695;41602098;41381851;41727574;42083088;41733485",PubMed,"(""James J. Peters""[ad] OR ""Bronx VA""[ad] OR ""Bronx Veterans""[ad]) AND 2024:2026[dp]",2024-2026,pending
va-station:526,James J. Peters VA Medical Center,James J. Peters Veterans Affairs Medical Center,31,"39648200;41570109;41174639;40199995;41141506;40766908;40215385;41522673;42585601;40773200;41527249;40275365;39251599;42090156;42537647;41202483;40127196;39091345;41078460;41946795;40892414;42294851;39623103;40117765;41127568;41730688;40316049;41475018;40880434;41453586;42160082",PubMed,"(""James J. Peters""[ad] OR ""Bronx VA""[ad] OR ""Bronx Veterans""[ad]) AND 2024:2026[dp]",2024-2026,pending
va-station:526,James J. Peters VA Medical Center,James J. Peters Department of Veterans Affairs Medical Center,18,"40437880;41182007;41072639;39562711;40635716;39990662;41409221;40883964;42334485;38988461;41497556;39839267;42274776;41783144;41833320;42619755;39095048;39868756",PubMed,"(""James J. Peters""[ad] OR ""Bronx VA""[ad] OR ""Bronx Veterans""[ad]) AND 2024:2026[dp]",2024-2026,pending
va-station:526,James J. Peters VA Medical Center,James J Peters VA Medical Center,14,"40000032;39773984;41106207;41125743;41935185;40299764;39315719;41659250;40071061;41542681;41385257;42047566;40032720;39091649",PubMed,"(""James J. Peters""[ad] OR ""Bronx VA""[ad] OR ""Bronx Veterans""[ad]) AND 2024:2026[dp]",2024-2026,pending
va-station:526,James J. Peters VA Medical Center,James J. Peters VAMC,10,"39713942;41019914;40457744;39713939;41767689;41543856;39713957;42224883;40257011;42582719",PubMed,"(""James J. Peters""[ad] OR ""Bronx VA""[ad] OR ""Bronx Veterans""[ad]) AND 2024:2026[dp]",2024-2026,pending
va-station:526,James J. Peters VA Medical Center,Bronx VA Medical Center,5,"39306808;41056448;42691210;41844546;40048165",PubMed,"(""James J. Peters""[ad] OR ""Bronx VA""[ad] OR ""Bronx Veterans""[ad]) AND 2024:2026[dp]",2024-2026,pending
va-station:526,James J. Peters VA Medical Center,Bronx Veterans Affairs Medical Center,1,41186950,PubMed,"(""James J. Peters""[ad] OR ""Bronx VA""[ad] OR ""Bronx Veterans""[ad]) AND 2024:2026[dp]",2024-2026,pending
va-station:526,James J. Peters VA Medical Center,James J Peters VAMC,1,41522368,PubMed,"(""James J. Peters""[ad] OR ""Bronx VA""[ad] OR ""Bronx Veterans""[ad]) AND 2024:2026[dp]",2024-2026,pending
va-station:526,James J. Peters VA Medical Center,James J Peters Veterans Affairs Medical Center,1,40578844,PubMed,"(""James J. Peters""[ad] OR ""Bronx VA""[ad] OR ""Bronx Veterans""[ad]) AND 2024:2026[dp]",2024-2026,pending
