authority_key,canonical_name,search_stem,total_hits,records_fetched,unique_affiliations,truncated,error
va-station:463,Alaska VA HCS,Alaska,81,81,5,false,
va-station:528a8,Albany Stratton VA Medical Center,Albany Stratton,33,33,33,false,
va-station:504,Amarillo VA Health Care System,Amarillo,18,18,5,false,
va-station:508,Atlanta VA Health Care System,Atlanta,3237,200,96,true,
va-station:671,Audie L. Murphy Memorial VA Hospital,Audie L. Murphy Memorial,19,19,14,false,
va-station:512,Baltimore VA Medical Center,Baltimore,3956,200,21,true,
va-station:515,Battle Creek VA Medical Center,Battle Creek,9,9,7,false,
va-station:521,Birmingham VA Medical Center,Birmingham,2063,200,70,true,
va-station:531,Boise VA Medical Center,Boise,132,132,64,false,
va-station:516,C.W. Bill Young VA Medical Center,C.W. Bill Young,4,4,3,false,
va-station:532,Canandaigua VA Medical Center,Canandaigua,123,123,109,false,
va-station:557,Carl Vinson VA Medical Center,Carl Vinson,4,4,3,false,
va-station:619a4,Central Alabama Veterans Health Care System,Central Alabama Veterans,1,1,1,false,
va-station:598,Central Arkansas Veterans Healthcare System,Central Arkansas Veterans,151,151,92,false,
va-station:674,Central Texas Veterans Health Care System,Central Texas Veterans,80,80,57,false,
va-station:637,Charles George VA Medical Center,Charles George,18,18,18,false,
va-station:509,Charlie Norwood VA Medical Center,Charlie Norwood,153,153,126,false,
va-station:538,Chillicothe VA Medical Center,Chillicothe,6,6,4,false,
va-station:539,Cincinnati VA Medical Center,Cincinnati,1116,200,19,true,
va-station:542,Coatesville Veterans Affairs Medical Center,Coatesville,12,12,14,false,
va-station:552,Dayton VA Medical Center,Dayton,162,162,61,false,
va-station:674a4,Doris Miller VA Medical Center,Doris Miller,7,7,7,false,
va-station:558,Durham VA Medical Center,Durham,3600,200,113,true,
va-station:623,Eastern Oklahoma VA Health Care System,Eastern Oklahoma,4,4,5,false,
va-station:518,Edith Nourse Rogers Memorial Veterans Hospital,Edith Nourse Rogers Memorial Veterans,13,13,5,false,
va-station:578,"Edward Hines, Jr. VA Hospital","Edward Hines, Jr.",298,200,207,true,
va-station:756,El Paso VA Health Care System,El Paso,115,115,8,false,
va-station:437,Fargo VA Health Care System,Fargo,97,97,28,false,
va-station:586,G.V. (Sonny) Montgomery VA Medical Center,G.V. Montgomery,1,1,1,false,
va-station:590,Hampton VA Medical Center,Hampton,252,200,197,true,
va-station:543,Harry S. Truman Memorial Veterans' Hospital,Harry S. Truman Memorial Veterans',10,10,4,false,
va-station:581,Hershel Woody Williams VA Medical Center,Hershel Woody Williams,5,5,5,false,
va-station:652,Hunter Holmes McGuire VA Medical Center,Hunter Holmes McGuire,41,41,35,false,
va-station:584,Iowa City VA Health Care System,Iowa City,1257,200,140,true,
va-station:673,James A. Haley Veterans' Hospital,James A. Haley Veterans',183,183,66,false,
va-station:526,James J. Peters VA Medical Center,James J. Peters,671,200,225,true,
va-station:537,Jesse Brown VA Medical Center,Jesse Brown,535,200,188,true,
va-station:553,John D. Dingell VA Medical Center,John D. Dingell,140,140,132,false,
va-station:687,Jonathan M. Wainwright Memorial VAMC - Walla Walla VA,targeted follow-up,7,7,1,false,
va-station:589,Kansas City VA Medical Center,Kansas City,972,200,40,true,
va-station:595,Lebanon VA Medical Center,Lebanon,551,200,32,true,
va-station:596,Lexington VA Health Care System,Lexington,718,200,41,true,
va-station:541,Louis Stokes Cleveland VA Medical Center,Louis Stokes Cleveland,550,200,212,true,
va-station:603,"Louisville VA Medical Center (AKA: Robley Rex VA, Louisville, KY)",Louisville,462,200,41,true,
va-station:573,Malcom Randall VA Medical Center,Malcom Randall,129,129,128,false,
va-station:608,Manchester VA Medical Center,Manchester,296,200,12,true,
va-station:668,Mann-Grandstaff VA Medical Center,Mann-Grandstaff,7,7,8,false,
va-station:613,Martinsburg VA Medical Center,Martinsburg,8,8,8,false,
va-station:614,Memphis VA Medical Center,Memphis,804,200,31,true,
va-station:546,Miami VA Healthcare System,Miami,1612,200,81,true,
va-station:580,Michael E. DeBakey VA Medical Center,Michael E. DeBakey,1214,200,228,true,
va-station:695,Milwaukee VA Medical Center,Milwaukee,772,200,61,true,
va-station:618,Minneapolis VA Health Care System,Minneapolis,2344,200,111,true,
va-station:621,Mountain Home VA Healthcare System,Mountain Home,22,22,18,false,
va-station:501,New Mexico VA Health Care System,New Mexico,545,200,40,true,
va-station:649,Northern Arizona VA Health Care System,Northern Arizona,53,53,6,false,
va-station:632,"Northport VA Medical Center (Fort Salonga, New York)",Northport,105,105,90,false,
va-station:635,Oklahoma City VA Medical Center,Oklahoma City,484,200,90,true,
va-station:636,Omaha VA Medical Center,Omaha,790,200,68,true,
va-station:675,Orlando VA Medical Center,Orlando,442,200,93,true,
va-station:667,Overton Brooks VA Medical Center,Overton Brooks,24,24,18,false,
va-station:642,Philadelphia VA Medical Center,Philadelphia,4220,200,78,true,
va-station:644,Phoenix VA Health Care System,Phoenix,922,200,45,true,
va-station:648,Portland VA Medical Center,Portland,2184,200,136,true,
va-station:650,Providence VA Medical Center,Providence,1766,200,99,true,
va-station:534,Ralph H. Johnson VA Medical Center,Ralph H. Johnson,566,200,186,true,
va-station:583,Richard L. Roudebush VA Medical Center,Richard L. Roudebush,278,200,175,true,
va-station:452,Robert J. Dole VA Medical Center,Robert J. Dole,22,22,22,false,
va-station:658,Salem VA Medical Center,Salem,992,200,25,true,
va-station:662,San Francisco VA Medical Center,San Francisco,4375,200,92,true,
va-station:438,Sioux Falls VA Health Care System,Sioux Falls,113,113,33,false,
va-station:629,Southeast Louisiana Veterans Health Care System (New Orleans),Southeast Louisiana Veterans,55,55,12,false,
va-station:678,Southern Arizona VA Health Care System,Southern Arizona,70,70,59,false,
va-station:656,St. Cloud VA Health Care System,St. Cloud,17,17,8,false,
va-station:657,St. Louis VA Medical Center,St. Louis,1836,200,61,true,
va-station:528a7,Syracuse VA Medical Center,Syracuse,323,200,53,true,
va-station:402,Togus VA Medical Center,Togus,4,4,4,false,
va-station:679,Tuscaloosa VA Medical Center,Tuscaloosa,149,149,50,false,
va-station:502,VA Alexandria,Alexandria,823,200,140,true,
va-station:506,VA Ann Arbor Healthcare System,Ann Arbor,3352,200,98,true,
va-station:523,VA Boston Healthcare System,Boston,8548,200,104,true,
va-station:529,VA Butler Healthcare,Butler Healthcare,1,1,1,false,
va-station:672,VA Caribbean Healthcare System,Caribbean,87,87,69,false,
va-station:570,VA Central California Health Care System,Central California,10,10,9,false,
va-station:636a6,VA Central Iowa Health Care System,Central Iowa,5,5,6,false,
va-station:101,VA Central Office,Central Office,109,109,105,false,
va-station:631,VA Central Western Massachusetts Healthcare System,Central Western Massachusetts,70,70,55,false,
va-station:689,VA Connecticut Healthcare System,Connecticut,2546,200,122,true,
va-station:554,VA Eastern Colorado Health Care System,Eastern Colorado,512,200,202,true,
va-station:589a5,VA Eastern Kansas Health Care System,Eastern Kansas,8,8,10,false,
va-station:620,VA Hudson Valley Health Care System,Hudson Valley,3,3,2,false,
va-station:550,VA Illiana Health Care System,Illiana,4,4,4,false,
va-station:605,VA Loma Linda Healthcare System,Loma Linda,278,200,123,true,
va-station:600,VA Long Beach Healthcare System,Long Beach,351,200,146,true,
va-station:436,VA Montana Health Care System,Montana,114,114,12,false,
va-station:561,VA New Jersey Health Care System,New Jersey,872,200,51,true,
va-station:549,VA North Texas Health Care System,North Texas,388,200,98,true,
va-station:612,VA Northern California Health Care System,Northern California,582,200,105,true,
va-station:527,VA NY Harbor Healthcare System,NY Harbor,33,33,29,false,
va-station:459,VA Pacific Islands Health Care System,Pacific Islands,60,60,49,false,
va-station:640,VA Palo Alto Health Care System,Palo Alto,3013,200,178,true,
va-station:646,VA Pittsburgh Healthcare System,Pittsburgh,3181,200,85,true,
va-station:663,VA Puget Sound Health Care System,Puget Sound,1371,200,230,true,
va-station:660,VA Salt Lake City Health care System,Salt Lake City,2306,200,99,true,
va-station:664,VA San Diego Healthcare System,San Diego,3562,200,104,true,
va-station:665,VA Sepulveda Ambulatory Care Center,Sepulveda Ambulatory Care Center,29,29,26,false,
va-station:654,VA Sierra Nevada Health Care System,Sierra Nevada,22,22,19,false,
va-station:593,VA Southern Nevada Healthcare System,Southern Nevada,43,43,34,false,
va-station:626,VA Tennessee Valley Healthcare System,Tennessee Valley,884,200,210,true,
va-station:691,VA West Los Angeles Medical Center,West Los Angeles,107,107,93,false,
va-station:575,VA Western Colorado (Grand Junction),targeted follow-up,8,8,2,false,
va-station:528,VA Western New York Healthcare System,Western New York,123,123,123,false,
va-station:564,Veterans Health Care System of the Ozarks,targeted follow-up,6,6,6,false,
va-station:659,W. G. (Bill) Hefner VA Medical Center,W. G. Hefner,13,13,9,false,
va-station:688,Washington DC VA Medical Center,Washington DC,571,200,88,true,
va-station:548,West Palm Beach VA Medical Center,West Palm Beach,73,73,28,false,
va-station:405,White River Junction VA Medical Center,White River Junction,369,200,181,true,
va-station:693,Wilkes-Barre VA Medical Center,Wilkes-Barre,37,37,12,false,
va-station:607,William S. Middleton Memorial Veterans Hospital,William S. Middleton Memorial Veterans,84,84,40,false,
va-station:460,Wilmington VA Medical Center,Wilmington,166,166,11,false,
va-station:544,Wm. Jennings Bryan Dorn VA Medical Center,targeted follow-up,57,57,52,false,
