facility_id,authority_key,canonical_name,facility_kind,research_active_status,city,state_code,country_code,lifecycle_status,facility_valid_from,facility_valid_to,alias,normalized_alias,alias_kind,alias_review_status,alias_confidence,alias_valid_from,alias_valid_to,identifier_namespace,identifier_value,identifier_is_primary,identifier_valid_from,identifier_valid_to,identifier_source,alias_evidence_count
10,va-station:463,Alaska VA HCS,campus,unknown,,,US,active,,,Alaska VA HCS,alaska va hcs,canonical,pending,,,,va_station,463,1,,,legacy_vamc_reference,2
10,va-station:463,Alaska VA HCS,campus,unknown,,,US,active,,,Alaska VA HCS (Not in VA Dimensions),alaska va hcs not in va dimensions,source_observed,pending,,,,va_station,463,1,,,legacy_vamc_reference,2
111,va-station:528a8,Albany Stratton VA Medical Center,campus,unknown,,,US,active,,,Albany Stratton VA Medical Center,albany stratton va medical center,canonical,pending,,,,va_station,528A8,1,,,legacy_vamc_reference,2
13,va-station:504,Amarillo VA Health Care System,campus,unknown,,,US,active,,,Amarillo VA Health Care System,amarillo va health care system,canonical,pending,,,,va_station,504,1,,,legacy_vamc_reference,2
15,va-station:508,Atlanta VA Health Care System,campus,unknown,,,US,active,,,Atlanta VA Health Care System,atlanta va health care system,canonical,pending,,,,va_station,508,1,,,legacy_vamc_reference,2
15,va-station:508,Atlanta VA Health Care System,campus,unknown,,,US,active,,,Atlanta VA Medical Center,atlanta va medical center,source_observed,pending,,,,va_station,508,1,,,legacy_vamc_reference,2
95,va-station:671,Audie L. Murphy Memorial VA Hospital,campus,unknown,,,US,active,,,Audie L. Murphy Memorial VA Hospital,audie l murphy memorial va hospital,canonical,pending,,,,va_station,671,1,,,legacy_vamc_reference,2
95,va-station:671,Audie L. Murphy Memorial VA Hospital,campus,unknown,,,US,active,,,VA South Texas Health Care System,va south texas health care system,source_observed,pending,,,,va_station,671,1,,,legacy_vamc_reference,2
17,va-station:512,Baltimore VA Medical Center,campus,unknown,,,US,active,,,Baltimore VA Medical Center,baltimore va medical center,canonical,pending,,,,va_station,512,1,,,legacy_vamc_reference,2
17,va-station:512,Baltimore VA Medical Center,campus,unknown,,,US,active,,,Perry Point VA Medical Center,perry point va medical center,source_observed,pending,,,,va_station,512,1,,,legacy_vamc_reference,2
17,va-station:512,Baltimore VA Medical Center,campus,unknown,,,US,active,,,VA Maryland Health Care System,va maryland health care system,source_observed,pending,,,,va_station,512,1,,,legacy_vamc_reference,2
18,va-station:515,Battle Creek VA Medical Center,campus,unknown,,,US,active,,,Battle Creek VA Medical Center,battle creek va medical center,canonical,pending,,,,va_station,515,1,,,legacy_vamc_reference,2
21,va-station:521,Birmingham VA Medical Center,campus,unknown,,,US,active,,,Birmingham VA Medical Center,birmingham va medical center,canonical,pending,,,,va_station,521,1,,,legacy_vamc_reference,2
26,va-station:531,Boise VA Medical Center,campus,unknown,,,US,active,,,Boise VA Medical Center,boise va medical center,canonical,pending,,,,va_station,531,1,,,legacy_vamc_reference,2
19,va-station:516,C.W. Bill Young VA Medical Center,campus,unknown,,,US,active,,,C.W. Bill Young VA Medical Center,c w bill young va medical center,canonical,pending,,,,va_station,516,1,,,legacy_vamc_reference,2
19,va-station:516,C.W. Bill Young VA Medical Center,campus,unknown,,,US,active,,,Bay Pines VA Healthcare System,bay pines va healthcare system,source_observed,pending,,,,va_station,516,1,,,legacy_vamc_reference,2
27,va-station:532,Canandaigua VA Medical Center,campus,unknown,,,US,active,,,Canandaigua VA Medical Center,canandaigua va medical center,canonical,pending,,,,va_station,532,1,,,legacy_vamc_reference,2
27,va-station:532,Canandaigua VA Medical Center,campus,unknown,,,US,active,,,Canandaigua VA Medical Center,canandaigua va medical center,canonical,pending,,,,va_station,528A5,0,,,legacy_vamc_reference,2
27,va-station:532,Canandaigua VA Medical Center,campus,unknown,,,US,active,,,VA Finger Lakes Healthcare System,va finger lakes healthcare system,source_observed,pending,,,,va_station,532,1,,,legacy_vamc_reference,2
27,va-station:532,Canandaigua VA Medical Center,campus,unknown,,,US,active,,,VA Finger Lakes Healthcare System,va finger lakes healthcare system,source_observed,pending,,,,va_station,528A5,0,,,legacy_vamc_reference,2
43,va-station:557,Carl Vinson VA Medical Center,campus,unknown,,,US,active,,,Carl Vinson VA Medical Center,carl vinson va medical center,canonical,pending,,,,va_station,557,1,,,legacy_vamc_reference,2
116,va-station:619a4,Central Alabama Veterans Health Care System,campus,unknown,,,US,active,,,Central Alabama Veterans Health Care System,central alabama veterans health care system,canonical,pending,,,,va_station,619A4,1,,,legacy_vamc_reference,2
115,va-station:598,Central Arkansas Veterans Healthcare System,campus,unknown,,,US,active,,,Central Arkansas Veterans Healthcare System,central arkansas veterans healthcare system,canonical,pending,,,,va_station,598,1,,,legacy_vamc_reference,2
115,va-station:598,Central Arkansas Veterans Healthcare System,campus,unknown,,,US,active,,,Central Arkansas Veterans Healthcare System,central arkansas veterans healthcare system,canonical,pending,,,,va_station,598NLR,0,,,legacy_vamc_reference,2
115,va-station:598,Central Arkansas Veterans Healthcare System,campus,unknown,,,US,active,,,John L. McClellan Memorial Veterans Hospital (includes Eugene J. Towbin),john l mcclellan memorial veterans hospital includes eugene j towbin,source_observed,pending,,,,va_station,598,1,,,legacy_vamc_reference,2
115,va-station:598,Central Arkansas Veterans Healthcare System,campus,unknown,,,US,active,,,John L. McClellan Memorial Veterans Hospital (includes Eugene J. Towbin),john l mcclellan memorial veterans hospital includes eugene j towbin,source_observed,pending,,,,va_station,598NLR,0,,,legacy_vamc_reference,2
98,va-station:674,Central Texas Veterans Health Care System,campus,unknown,,,US,active,,,Central Texas Veterans Health Care System,central texas veterans health care system,canonical,pending,,,,va_station,674,1,,,legacy_vamc_reference,2
98,va-station:674,Central Texas Veterans Health Care System,campus,unknown,,,US,active,,,"Olin E. Teague VA Medical Center (Temple, TX)",olin e teague va medical center temple tx,source_observed,pending,,,,va_station,674,1,,,legacy_vamc_reference,2
77,va-station:637,Charles George VA Medical Center,campus,unknown,,,US,active,,,Charles George VA Medical Center,charles george va medical center,canonical,pending,,,,va_station,637,1,,,legacy_vamc_reference,2
77,va-station:637,Charles George VA Medical Center,campus,unknown,,,US,active,,,"Charles George VA Medical Center (Asheville, NC)",charles george va medical center asheville nc,source_observed,pending,,,,va_station,637,1,,,legacy_vamc_reference,2
16,va-station:509,Charlie Norwood VA Medical Center,campus,unknown,,,US,active,,,Charlie Norwood VA Medical Center,charlie norwood va medical center,canonical,pending,,,,va_station,509,1,,,legacy_vamc_reference,2
16,va-station:509,Charlie Norwood VA Medical Center,campus,unknown,,,US,active,,,"Charlie Norwood VA Medical Center (Augusta, GA)",charlie norwood va medical center augusta ga,source_observed,pending,,,,va_station,509,1,,,legacy_vamc_reference,2
30,va-station:538,Chillicothe VA Medical Center,campus,unknown,,,US,active,,,Chillicothe VA Medical Center,chillicothe va medical center,canonical,pending,,,,va_station,538,1,,,legacy_vamc_reference,2
31,va-station:539,Cincinnati VA Medical Center,campus,unknown,,,US,active,,,Cincinnati VA Medical Center,cincinnati va medical center,canonical,pending,,,,va_station,539,1,,,legacy_vamc_reference,2
33,va-station:542,Coatesville Veterans Affairs Medical Center,campus,unknown,,,US,active,,,Coatesville Veterans Affairs Medical Center,coatesville veterans affairs medical center,canonical,pending,,,,va_station,542,1,,,legacy_vamc_reference,2
40,va-station:552,Dayton VA Medical Center,campus,unknown,,,US,active,,,Dayton VA Medical Center,dayton va medical center,canonical,pending,,,,va_station,552,1,,,legacy_vamc_reference,2
121,va-station:674a4,Doris Miller VA Medical Center,campus,unknown,,,US,active,,,Doris Miller VA Medical Center,doris miller va medical center,canonical,pending,,,,va_station,674A4,1,,,legacy_vamc_reference,2
121,va-station:674a4,Doris Miller VA Medical Center,campus,unknown,,,US,active,,,"Doris Miller VA Medical Center (Waco, TX)",doris miller va medical center waco tx,source_observed,pending,,,,va_station,674A4,1,,,legacy_vamc_reference,2
44,va-station:558,Durham VA Medical Center,campus,unknown,,,US,active,,,Durham VA Medical Center,durham va medical center,canonical,pending,,,,va_station,558,1,,,legacy_vamc_reference,2
44,va-station:558,Durham VA Medical Center,campus,unknown,,,US,active,,,Durham VA Health Care System,durham va health care system,source_observed,pending,,,,va_station,558,1,,,legacy_vamc_reference,2
70,va-station:623,Eastern Oklahoma VA Health Care System,campus,unknown,,,US,active,,,Eastern Oklahoma VA Health Care System,eastern oklahoma va health care system,canonical,pending,,,,va_station,623,1,,,legacy_vamc_reference,2
70,va-station:623,Eastern Oklahoma VA Health Care System,campus,unknown,,,US,active,,,Jack C. Montgomery VA Medical Center,jack c montgomery va medical center,source_observed,pending,,,,va_station,623,1,,,legacy_vamc_reference,2
20,va-station:518,Edith Nourse Rogers Memorial Veterans Hospital,campus,unknown,,,US,active,,,Edith Nourse Rogers Memorial Veterans Hospital,edith nourse rogers memorial veterans hospital,canonical,pending,,,,va_station,518,1,,,legacy_vamc_reference,2
20,va-station:518,Edith Nourse Rogers Memorial Veterans Hospital,campus,unknown,,,US,active,,,"VA Bedford Healthcare System (Bedford, MA)",va bedford healthcare system bedford ma,source_observed,pending,,,,va_station,518,1,,,legacy_vamc_reference,2
49,va-station:578,"Edward Hines, Jr. VA Hospital",campus,unknown,,,US,active,,,"Edward Hines, Jr. VA Hospital",edward hines jr va hospital,canonical,pending,,,,va_station,578,1,,,legacy_vamc_reference,2
108,va-station:756,El Paso VA Health Care System,campus,unknown,,,US,active,,,El Paso VA Health Care System,el paso va health care system,canonical,pending,,,,va_station,756,1,,,legacy_vamc_reference,2
5,va-station:437,Fargo VA Health Care System,campus,unknown,,,US,active,,,Fargo VA Health Care System,fargo va health care system,canonical,pending,,,,va_station,437,1,,,legacy_vamc_reference,2
53,va-station:586,G.V. (Sonny) Montgomery VA Medical Center,campus,unknown,,,US,active,,,G.V. (Sonny) Montgomery VA Medical Center,g v sonny montgomery va medical center,canonical,pending,,,,va_station,586,1,,,legacy_vamc_reference,2
53,va-station:586,G.V. (Sonny) Montgomery VA Medical Center,campus,unknown,,,US,active,,,"G.V. (Sonny) Montgomery VA Medical Center (Jackson, MS)",g v sonny montgomery va medical center jackson ms,source_observed,pending,,,,va_station,586,1,,,legacy_vamc_reference,2
55,va-station:590,Hampton VA Medical Center,campus,unknown,,,US,active,,,Hampton VA Medical Center,hampton va medical center,canonical,pending,,,,va_station,590,1,,,legacy_vamc_reference,2
34,va-station:543,Harry S. Truman Memorial Veterans' Hospital,campus,unknown,,,US,active,,,Harry S. Truman Memorial Veterans' Hospital,harry s truman memorial veterans hospital,canonical,pending,,,,va_station,543,1,,,legacy_vamc_reference,2
34,va-station:543,Harry S. Truman Memorial Veterans' Hospital,campus,unknown,,,US,active,,,Harry S. Truman Memorial Veterans' Hospital,harry s truman memorial veterans hospital,canonical,pending,,,,va_station,589A4,0,,,legacy_vamc_reference,2
34,va-station:543,Harry S. Truman Memorial Veterans' Hospital,campus,unknown,,,US,active,,,"Harry S. Truman Memorial Veterans' Hospital (Columbia, MO)",harry s truman memorial veterans hospital columbia mo,source_observed,pending,,,,va_station,543,1,,,legacy_vamc_reference,2
34,va-station:543,Harry S. Truman Memorial Veterans' Hospital,campus,unknown,,,US,active,,,"Harry S. Truman Memorial Veterans' Hospital (Columbia, MO)",harry s truman memorial veterans hospital columbia mo,source_observed,pending,,,,va_station,589A4,0,,,legacy_vamc_reference,2
51,va-station:581,Hershel Woody Williams VA Medical Center,campus,unknown,,,US,active,,,Hershel Woody Williams VA Medical Center,hershel woody williams va medical center,canonical,pending,,,,va_station,581,1,,,legacy_vamc_reference,2
51,va-station:581,Hershel Woody Williams VA Medical Center,campus,unknown,,,US,active,,,"Hershel Woody Williams VA Medical Center (Huntington, WV)",hershel woody williams va medical center huntington wv,source_observed,pending,,,,va_station,581,1,,,legacy_vamc_reference,2
83,va-station:652,Hunter Holmes McGuire VA Medical Center,campus,unknown,,,US,active,,,Hunter Holmes McGuire VA Medical Center,hunter holmes mcguire va medical center,canonical,pending,,,,va_station,652,1,,,legacy_vamc_reference,2
83,va-station:652,Hunter Holmes McGuire VA Medical Center,campus,unknown,,,US,active,,,"Hunter Holmes McGuire VA Medical Center (Richmond, VA)",hunter holmes mcguire va medical center richmond va,source_observed,pending,,,,va_station,652,1,,,legacy_vamc_reference,2
113,va-station:584,Iowa City VA Health Care System,campus,unknown,,,US,active,,,Iowa City VA Health Care System,iowa city va health care system,canonical,pending,,,,va_station,584,1,,,legacy_vamc_reference,2
113,va-station:584,Iowa City VA Health Care System,campus,unknown,,,US,active,,,Iowa City VA Health Care System,iowa city va health care system,canonical,pending,,,,va_station,636A8,0,,,legacy_vamc_reference,2
113,va-station:584,Iowa City VA Health Care System,campus,unknown,,,US,active,,,Iowa City VA Medical Center,iowa city va medical center,source_observed,pending,,,,va_station,584,1,,,legacy_vamc_reference,2
113,va-station:584,Iowa City VA Health Care System,campus,unknown,,,US,active,,,Iowa City VA Medical Center,iowa city va medical center,source_observed,pending,,,,va_station,636A8,0,,,legacy_vamc_reference,2
97,va-station:673,James A. Haley Veterans' Hospital,campus,unknown,,,US,active,,,James A. Haley Veterans' Hospital,james a haley veterans hospital,canonical,pending,,,,va_station,673,1,,,legacy_vamc_reference,2
97,va-station:673,James A. Haley Veterans' Hospital,campus,unknown,,,US,active,,,"James A. Haley Veterans' Hospital (Tampa, FL)",james a haley veterans hospital tampa fl,source_observed,pending,,,,va_station,673,1,,,legacy_vamc_reference,2
22,va-station:526,James J. Peters VA Medical Center,campus,unknown,,,US,active,,,James J. Peters VA Medical Center,james j peters va medical center,canonical,pending,,,,va_station,526,1,,,legacy_vamc_reference,2
22,va-station:526,James J. Peters VA Medical Center,campus,unknown,,,US,active,,,"James J. Peters VA Medical Center (includes East Orange, Bronx)",james j peters va medical center includes east orange bronx,source_observed,pending,,,,va_station,526,1,,,legacy_vamc_reference,2
29,va-station:537,Jesse Brown VA Medical Center,campus,unknown,,,US,active,,,Jesse Brown VA Medical Center,jesse brown va medical center,canonical,pending,,,,va_station,537,1,,,legacy_vamc_reference,2
29,va-station:537,Jesse Brown VA Medical Center,campus,unknown,,,US,active,,,"Jesse Brown VA Medical Center (Chicago, IL)",jesse brown va medical center chicago il,source_observed,pending,,,,va_station,537,1,,,legacy_vamc_reference,2
41,va-station:553,John D. Dingell VA Medical Center,campus,unknown,,,US,active,,,John D. Dingell VA Medical Center,john d dingell va medical center,canonical,pending,,,,va_station,553,1,,,legacy_vamc_reference,2
41,va-station:553,John D. Dingell VA Medical Center,campus,unknown,,,US,active,,,"John D. Dingell VA Medical Center (Detroit, MI)",john d dingell va medical center detroit mi,source_observed,pending,,,,va_station,553,1,,,legacy_vamc_reference,2
102,va-station:687,Jonathan M. Wainwright Memorial VAMC - Walla Walla VA,campus,unknown,,,US,active,,,Jonathan M. Wainwright Memorial VAMC - Walla Walla VA,jonathan m wainwright memorial vamc walla walla va,canonical,pending,,,,va_station,687,1,,,legacy_vamc_reference,2
102,va-station:687,Jonathan M. Wainwright Memorial VAMC - Walla Walla VA,campus,unknown,,,US,active,,,Jonathan M. Wainwright Memorial VAMC - Walla Walla VA (Not in VA Dimensions),jonathan m wainwright memorial vamc walla walla va not in va dimensions,source_observed,pending,,,,va_station,687,1,,,legacy_vamc_reference,2
54,va-station:589,Kansas City VA Medical Center,campus,unknown,,,US,active,,,Kansas City VA Medical Center,kansas city va medical center,canonical,pending,,,,va_station,589,1,,,legacy_vamc_reference,2
57,va-station:595,Lebanon VA Medical Center,campus,unknown,,,US,active,,,Lebanon VA Medical Center,lebanon va medical center,canonical,pending,,,,va_station,595,1,,,legacy_vamc_reference,2
57,va-station:595,Lebanon VA Medical Center,campus,unknown,,,US,active,,,"Lebanon VA Medical Center (Lebanon, PA)",lebanon va medical center lebanon pa,source_observed,pending,,,,va_station,595,1,,,legacy_vamc_reference,2
58,va-station:596,Lexington VA Health Care System,campus,unknown,,,US,active,,,Lexington VA Health Care System,lexington va health care system,canonical,pending,,,,va_station,596,1,,,legacy_vamc_reference,2
58,va-station:596,Lexington VA Health Care System,campus,unknown,,,US,active,,,Lexington VA Health Care System,lexington va health care system,canonical,pending,,,,va_station,596A4,0,,,legacy_vamc_reference,2
32,va-station:541,Louis Stokes Cleveland VA Medical Center,campus,unknown,,,US,active,,,Louis Stokes Cleveland VA Medical Center,louis stokes cleveland va medical center,canonical,pending,,,,va_station,541,1,,,legacy_vamc_reference,2
60,va-station:603,"Louisville VA Medical Center (AKA: Robley Rex VA, Louisville, KY)",campus,unknown,,,US,active,,,"Louisville VA Medical Center (AKA: Robley Rex VA, Louisville, KY)",louisville va medical center aka robley rex va louisville ky,canonical,pending,,,,va_station,603,1,,,legacy_vamc_reference,2
47,va-station:573,Malcom Randall VA Medical Center,campus,unknown,,,US,active,,,Malcom Randall VA Medical Center,malcom randall va medical center,canonical,pending,,,,va_station,573,1,,,legacy_vamc_reference,2
47,va-station:573,Malcom Randall VA Medical Center,campus,unknown,,,US,active,,,"North Florida/South Georgia Veterans Health System (Gainesville, FL)",north florida south georgia veterans health system gainesville fl,source_observed,pending,,,,va_station,573,1,,,legacy_vamc_reference,2
63,va-station:608,Manchester VA Medical Center,campus,unknown,,,US,active,,,Manchester VA Medical Center,manchester va medical center,canonical,pending,,,,va_station,608,1,,,legacy_vamc_reference,2
94,va-station:668,Mann-Grandstaff VA Medical Center,campus,unknown,,,US,active,,,Mann-Grandstaff VA Medical Center,mann grandstaff va medical center,canonical,pending,,,,va_station,668,1,,,legacy_vamc_reference,2
94,va-station:668,Mann-Grandstaff VA Medical Center,campus,unknown,,,US,active,,,"Mann-Grandstaff VA Medical Center (Spokane, WA)",mann grandstaff va medical center spokane wa,source_observed,pending,,,,va_station,668,1,,,legacy_vamc_reference,2
65,va-station:613,Martinsburg VA Medical Center,campus,unknown,,,US,active,,,Martinsburg VA Medical Center,martinsburg va medical center,canonical,pending,,,,va_station,613,1,,,legacy_vamc_reference,2
66,va-station:614,Memphis VA Medical Center,campus,unknown,,,US,active,,,Memphis VA Medical Center,memphis va medical center,canonical,pending,,,,va_station,614,1,,,legacy_vamc_reference,2
36,va-station:546,Miami VA Healthcare System,campus,unknown,,,US,active,,,Miami VA Healthcare System,miami va healthcare system,canonical,pending,,,,va_station,546,1,,,legacy_vamc_reference,2
36,va-station:546,Miami VA Healthcare System,campus,unknown,,,US,active,,,Bruce W. Carter VA Medical Center,bruce w carter va medical center,source_observed,pending,,,,va_station,546,1,,,legacy_vamc_reference,2
50,va-station:580,Michael E. DeBakey VA Medical Center,campus,unknown,,,US,active,,,Michael E. DeBakey VA Medical Center,michael e debakey va medical center,canonical,pending,,,,va_station,580,1,,,legacy_vamc_reference,2
50,va-station:580,Michael E. DeBakey VA Medical Center,campus,unknown,,,US,active,,,"Michael E. DeBakey VA Medical Center (Houston, TX)",michael e debakey va medical center houston tx,source_observed,pending,,,,va_station,580,1,,,legacy_vamc_reference,2
107,va-station:695,Milwaukee VA Medical Center,campus,unknown,,,US,active,,,Milwaukee VA Medical Center,milwaukee va medical center,canonical,pending,,,,va_station,695,1,,,legacy_vamc_reference,2
107,va-station:695,Milwaukee VA Medical Center,campus,unknown,,,US,active,,,Milwaukee VA Medical Center (includes Clement J. Zablocki VAMC),milwaukee va medical center includes clement j zablocki vamc,source_observed,pending,,,,va_station,695,1,,,legacy_vamc_reference,2
67,va-station:618,Minneapolis VA Health Care System,campus,unknown,,,US,active,,,Minneapolis VA Health Care System,minneapolis va health care system,canonical,pending,,,,va_station,618,1,,,legacy_vamc_reference,2
67,va-station:618,Minneapolis VA Health Care System,campus,unknown,,,US,active,,,Minneapolis VA Medical Center,minneapolis va medical center,source_observed,pending,,,,va_station,618,1,,,legacy_vamc_reference,2
69,va-station:621,Mountain Home VA Healthcare System,campus,unknown,,,US,active,,,Mountain Home VA Healthcare System,mountain home va healthcare system,canonical,pending,,,,va_station,621,1,,,legacy_vamc_reference,2
69,va-station:621,Mountain Home VA Healthcare System,campus,unknown,,,US,active,,,"James H. Quillen VA Medical Center (Johnson City, TN)",james h quillen va medical center johnson city tn,source_observed,pending,,,,va_station,621,1,,,legacy_vamc_reference,2
11,va-station:501,New Mexico VA Health Care System,campus,unknown,,,US,active,,,New Mexico VA Health Care System,new mexico va health care system,canonical,pending,,,,va_station,501,1,,,legacy_vamc_reference,2
11,va-station:501,New Mexico VA Health Care System,campus,unknown,,,US,active,,,"Raymond G. Murphy VA Medical Center (Albuquerque, NM)",raymond g murphy va medical center albuquerque nm,source_observed,pending,,,,va_station,501,1,,,legacy_vamc_reference,2
81,va-station:649,Northern Arizona VA Health Care System,campus,unknown,,,US,active,,,Northern Arizona VA Health Care System,northern arizona va health care system,canonical,pending,,,,va_station,649,1,,,legacy_vamc_reference,2
74,va-station:632,"Northport VA Medical Center (Fort Salonga, New York)",campus,unknown,,,US,active,,,"Northport VA Medical Center (Fort Salonga, New York)",northport va medical center fort salonga new york,canonical,pending,,,,va_station,632,1,,,legacy_vamc_reference,2
75,va-station:635,Oklahoma City VA Medical Center,campus,unknown,,,US,active,,,Oklahoma City VA Medical Center,oklahoma city va medical center,canonical,pending,,,,va_station,635,1,,,legacy_vamc_reference,2
75,va-station:635,Oklahoma City VA Medical Center,campus,unknown,,,US,active,,,Oklahoma City VA Health Care System,oklahoma city va health care system,source_observed,pending,,,,va_station,635,1,,,legacy_vamc_reference,2
76,va-station:636,Omaha VA Medical Center,campus,unknown,,,US,active,,,Omaha VA Medical Center,omaha va medical center,canonical,pending,,,,va_station,636,1,,,legacy_vamc_reference,2
76,va-station:636,Omaha VA Medical Center,campus,unknown,,,US,active,,,VA Nebraska Western Iowa Health Care System,va nebraska western iowa health care system,source_observed,pending,,,,va_station,636,1,,,legacy_vamc_reference,2
99,va-station:675,Orlando VA Medical Center,campus,unknown,,,US,active,,,Orlando VA Medical Center,orlando va medical center,canonical,pending,,,,va_station,675,1,,,legacy_vamc_reference,2
93,va-station:667,Overton Brooks VA Medical Center,campus,unknown,,,US,active,,,Overton Brooks VA Medical Center,overton brooks va medical center,canonical,pending,,,,va_station,667,1,,,legacy_vamc_reference,2
93,va-station:667,Overton Brooks VA Medical Center,campus,unknown,,,US,active,,,"Overton Brooks VA Medical Center (Shreveport, LA)",overton brooks va medical center shreveport la,source_observed,pending,,,,va_station,667,1,,,legacy_vamc_reference,2
78,va-station:642,Philadelphia VA Medical Center,campus,unknown,,,US,active,,,Philadelphia VA Medical Center,philadelphia va medical center,canonical,pending,,,,va_station,642,1,,,legacy_vamc_reference,2
79,va-station:644,Phoenix VA Health Care System,campus,unknown,,,US,active,,,Phoenix VA Health Care System,phoenix va health care system,canonical,pending,,,,va_station,644,1,,,legacy_vamc_reference,2
79,va-station:644,Phoenix VA Health Care System,campus,unknown,,,US,active,,,Carl T. Hayden Veterans Affairs Medical Center,carl t hayden veterans affairs medical center,source_observed,pending,,,,va_station,644,1,,,legacy_vamc_reference,2
80,va-station:648,Portland VA Medical Center,campus,unknown,,,US,active,,,Portland VA Medical Center,portland va medical center,canonical,pending,,,,va_station,648,1,,,legacy_vamc_reference,2
80,va-station:648,Portland VA Medical Center,campus,unknown,,,US,active,,,VA Portland Health Care System,va portland health care system,source_observed,pending,,,,va_station,648,1,,,legacy_vamc_reference,2
82,va-station:650,Providence VA Medical Center,campus,unknown,,,US,active,,,Providence VA Medical Center,providence va medical center,canonical,pending,,,,va_station,650,1,,,legacy_vamc_reference,2
28,va-station:534,Ralph H. Johnson VA Medical Center,campus,unknown,,,US,active,,,Ralph H. Johnson VA Medical Center,ralph h johnson va medical center,canonical,pending,,,,va_station,534,1,,,legacy_vamc_reference,2
28,va-station:534,Ralph H. Johnson VA Medical Center,campus,unknown,,,US,active,,,"Ralph H. Johnson VA Medical Center (Charleston, SC)",ralph h johnson va medical center charleston sc,source_observed,pending,,,,va_station,534,1,,,legacy_vamc_reference,2
52,va-station:583,Richard L. Roudebush VA Medical Center,campus,unknown,,,US,active,,,Richard L. Roudebush VA Medical Center,richard l roudebush va medical center,canonical,pending,,,,va_station,583,1,,,legacy_vamc_reference,2
52,va-station:583,Richard L. Roudebush VA Medical Center,campus,unknown,,,US,active,,,"Richard L. Roudebush VA Medical Center (Indianapolis, IL)",richard l roudebush va medical center indianapolis il,source_observed,pending,,,,va_station,583,1,,,legacy_vamc_reference,2
7,va-station:452,Robert J. Dole VA Medical Center,campus,unknown,,,US,active,,,Robert J. Dole VA Medical Center,robert j dole va medical center,canonical,pending,,,,va_station,452,1,,,legacy_vamc_reference,2
7,va-station:452,Robert J. Dole VA Medical Center,campus,unknown,,,US,active,,,"Robert J. Dole VA Medical Center (Wichita, KS)",robert j dole va medical center wichita ks,source_observed,pending,,,,va_station,452,1,,,legacy_vamc_reference,2
87,va-station:658,Salem VA Medical Center,campus,unknown,,,US,active,,,Salem VA Medical Center,salem va medical center,canonical,pending,,,,va_station,658,1,,,legacy_vamc_reference,2
87,va-station:658,Salem VA Medical Center,campus,unknown,,,US,active,,,"Salem VA Medical Center (Salem, VA)",salem va medical center salem va,source_observed,pending,,,,va_station,658,1,,,legacy_vamc_reference,2
90,va-station:662,San Francisco VA Medical Center,campus,unknown,,,US,active,,,San Francisco VA Medical Center,san francisco va medical center,canonical,pending,,,,va_station,662,1,,,legacy_vamc_reference,2
90,va-station:662,San Francisco VA Medical Center,campus,unknown,,,US,active,,,San Francisco VA Health Care System,san francisco va health care system,source_observed,pending,,,,va_station,662,1,,,legacy_vamc_reference,2
6,va-station:438,Sioux Falls VA Health Care System,campus,unknown,,,US,active,,,Sioux Falls VA Health Care System,sioux falls va health care system,canonical,pending,,,,va_station,438,1,,,legacy_vamc_reference,2
72,va-station:629,Southeast Louisiana Veterans Health Care System (New Orleans),campus,unknown,,,US,active,,,Southeast Louisiana Veterans Health Care System (New Orleans),southeast louisiana veterans health care system new orleans,canonical,pending,,,,va_station,629,1,,,legacy_vamc_reference,2
100,va-station:678,Southern Arizona VA Health Care System,campus,unknown,,,US,active,,,Southern Arizona VA Health Care System,southern arizona va health care system,canonical,pending,,,,va_station,678,1,,,legacy_vamc_reference,2
100,va-station:678,Southern Arizona VA Health Care System,campus,unknown,,,US,active,,,"Southern Arizona VA Health Care System (Tucson, AZ)",southern arizona va health care system tucson az,source_observed,pending,,,,va_station,678,1,,,legacy_vamc_reference,2
85,va-station:656,St. Cloud VA Health Care System,campus,unknown,,,US,active,,,St. Cloud VA Health Care System,st cloud va health care system,canonical,pending,,,,va_station,656,1,,,legacy_vamc_reference,2
86,va-station:657,St. Louis VA Medical Center,campus,unknown,,,US,active,,,St. Louis VA Medical Center,st louis va medical center,canonical,pending,,,,va_station,657,1,,,legacy_vamc_reference,2
86,va-station:657,St. Louis VA Medical Center,campus,unknown,,,US,active,,,John Cochran VA Medical Center,john cochran va medical center,source_observed,pending,,,,va_station,657,1,,,legacy_vamc_reference,2
86,va-station:657,St. Louis VA Medical Center,campus,unknown,,,US,active,,,VA St. Louis Health Care System,va st louis health care system,source_observed,pending,,,,va_station,657,1,,,legacy_vamc_reference,2
110,va-station:528a7,Syracuse VA Medical Center,campus,unknown,,,US,active,,,Syracuse VA Medical Center,syracuse va medical center,canonical,pending,,,,va_station,528A7,1,,,legacy_vamc_reference,2
2,va-station:402,Togus VA Medical Center,campus,unknown,,,US,active,,,Togus VA Medical Center,togus va medical center,canonical,pending,,,,va_station,402,1,,,legacy_vamc_reference,2
2,va-station:402,Togus VA Medical Center,campus,unknown,,,US,active,,,"Togus VA Medical Center (Togus, ME)",togus va medical center togus me,source_observed,pending,,,,va_station,402,1,,,legacy_vamc_reference,2
101,va-station:679,Tuscaloosa VA Medical Center,campus,unknown,,,US,active,,,Tuscaloosa VA Medical Center,tuscaloosa va medical center,canonical,pending,,,,va_station,679,1,,,legacy_vamc_reference,2
12,va-station:502,VA Alexandria,campus,unknown,,,US,active,,,VA Alexandria,va alexandria,canonical,pending,,,,va_station,502,1,,,legacy_vamc_reference,2
12,va-station:502,VA Alexandria,campus,unknown,,,US,active,,,VA Alexandria (Not in VA Dimensions),va alexandria not in va dimensions,source_observed,pending,,,,va_station,502,1,,,legacy_vamc_reference,2
14,va-station:506,VA Ann Arbor Healthcare System,campus,unknown,,,US,active,,,VA Ann Arbor Healthcare System,va ann arbor healthcare system,canonical,pending,,,,va_station,506,1,,,legacy_vamc_reference,2
14,va-station:506,VA Ann Arbor Healthcare System,campus,unknown,,,US,active,,,Ann Arbor VA Medical Center,ann arbor va medical center,source_observed,pending,,,,va_station,506,1,,,legacy_vamc_reference,2
109,va-station:523,VA Boston Healthcare System,campus,unknown,,,US,active,,,VA Boston Healthcare System,va boston healthcare system,canonical,pending,,,,va_station,523,1,,,legacy_vamc_reference,2
109,va-station:523,VA Boston Healthcare System,campus,unknown,,,US,active,,,VA Boston Healthcare System,va boston healthcare system,canonical,pending,,,,va_station,523A4,0,,,legacy_vamc_reference,2
109,va-station:523,VA Boston Healthcare System,campus,unknown,,,US,active,,,VA Boston Healthcare System,va boston healthcare system,canonical,pending,,,,va_station,525,0,,,legacy_vamc_reference,2
109,va-station:523,VA Boston Healthcare System,campus,unknown,,,US,active,,,VA Boston Healthcare System,va boston healthcare system,canonical,pending,,,,va_station,549A4,0,,,legacy_vamc_reference,2
109,va-station:523,VA Boston Healthcare System,campus,unknown,,,US,active,,,"Sam Rayburn Memorial Veterans Center (includes Brockton, Jamaica Plain, West Roxbury)",sam rayburn memorial veterans center includes brockton jamaica plain west roxbury,source_observed,pending,,,,va_station,523,1,,,legacy_vamc_reference,2
109,va-station:523,VA Boston Healthcare System,campus,unknown,,,US,active,,,"Sam Rayburn Memorial Veterans Center (includes Brockton, Jamaica Plain, West Roxbury)",sam rayburn memorial veterans center includes brockton jamaica plain west roxbury,source_observed,pending,,,,va_station,523A4,0,,,legacy_vamc_reference,2
109,va-station:523,VA Boston Healthcare System,campus,unknown,,,US,active,,,"Sam Rayburn Memorial Veterans Center (includes Brockton, Jamaica Plain, West Roxbury)",sam rayburn memorial veterans center includes brockton jamaica plain west roxbury,source_observed,pending,,,,va_station,525,0,,,legacy_vamc_reference,2
109,va-station:523,VA Boston Healthcare System,campus,unknown,,,US,active,,,"Sam Rayburn Memorial Veterans Center (includes Brockton, Jamaica Plain, West Roxbury)",sam rayburn memorial veterans center includes brockton jamaica plain west roxbury,source_observed,pending,,,,va_station,549A4,0,,,legacy_vamc_reference,2
25,va-station:529,VA Butler Healthcare,campus,unknown,,,US,active,,,VA Butler Healthcare,va butler healthcare,canonical,pending,,,,va_station,529,1,,,legacy_vamc_reference,2
25,va-station:529,VA Butler Healthcare,campus,unknown,,,US,active,,,"VA Butler Healthcare (Butler, PA)",va butler healthcare butler pa,source_observed,pending,,,,va_station,529,1,,,legacy_vamc_reference,2
96,va-station:672,VA Caribbean Healthcare System,campus,unknown,,,US,active,,,VA Caribbean Healthcare System,va caribbean healthcare system,canonical,pending,,,,va_station,672,1,,,legacy_vamc_reference,2
96,va-station:672,VA Caribbean Healthcare System,campus,unknown,,,US,active,,,"VA Caribbean Healthcare System (San Juan, PR)",va caribbean healthcare system san juan pr,source_observed,pending,,,,va_station,672,1,,,legacy_vamc_reference,2
46,va-station:570,VA Central California Health Care System,campus,unknown,,,US,active,,,VA Central California Health Care System,va central california health care system,canonical,pending,,,,va_station,570,1,,,legacy_vamc_reference,2
46,va-station:570,VA Central California Health Care System,campus,unknown,,,US,active,,,Fresno VA Medical Center,fresno va medical center,source_observed,pending,,,,va_station,570,1,,,legacy_vamc_reference,2
117,va-station:636a6,VA Central Iowa Health Care System,campus,unknown,,,US,active,,,VA Central Iowa Health Care System,va central iowa health care system,canonical,pending,,,,va_station,636A6,1,,,legacy_vamc_reference,2
117,va-station:636a6,VA Central Iowa Health Care System,campus,unknown,,,US,active,,,"VA Central Iowa Health Care System (Des Moines, IA)",va central iowa health care system des moines ia,source_observed,pending,,,,va_station,636A6,1,,,legacy_vamc_reference,2
1,va-station:101,VA Central Office,campus,unknown,,,US,active,,,VA Central Office,va central office,canonical,pending,,,,va_station,101,1,,,legacy_vamc_reference,2
1,va-station:101,VA Central Office,campus,unknown,,,US,active,,,United States Department of Veterans Affairs,united states department of veterans affairs,source_observed,pending,,,,va_station,101,1,,,legacy_vamc_reference,2
1,va-station:101,VA Central Office,campus,unknown,,,US,active,,,Veterans Health Administration,veterans health administration,source_observed,pending,,,,va_station,101,1,,,legacy_vamc_reference,2
73,va-station:631,VA Central Western Massachusetts Healthcare System,campus,unknown,,,US,active,,,VA Central Western Massachusetts Healthcare System,va central western massachusetts healthcare system,canonical,pending,,,,va_station,631,1,,,legacy_vamc_reference,2
73,va-station:631,VA Central Western Massachusetts Healthcare System,campus,unknown,,,US,active,,,"VA Central Western Massachusetts Healthcare System (Northampton, MA)",va central western massachusetts healthcare system northampton ma,source_observed,pending,,,,va_station,631,1,,,legacy_vamc_reference,2
104,va-station:689,VA Connecticut Healthcare System,campus,unknown,,,US,active,,,VA Connecticut Healthcare System,va connecticut healthcare system,canonical,pending,,,,va_station,689,1,,,legacy_vamc_reference,2
104,va-station:689,VA Connecticut Healthcare System,campus,unknown,,,US,active,,,"VA Connecticut Healthcare System (West Haven, CT)",va connecticut healthcare system west haven ct,source_observed,pending,,,,va_station,689,1,,,legacy_vamc_reference,2
42,va-station:554,VA Eastern Colorado Health Care System,campus,unknown,,,US,active,,,VA Eastern Colorado Health Care System,va eastern colorado health care system,canonical,pending,,,,va_station,554,1,,,legacy_vamc_reference,2
42,va-station:554,VA Eastern Colorado Health Care System,campus,unknown,,,US,active,,,Denver VA Medical Center,denver va medical center,source_observed,pending,,,,va_station,554,1,,,legacy_vamc_reference,2
42,va-station:554,VA Eastern Colorado Health Care System,campus,unknown,,,US,active,,,"VA Rocky Mountain Mental Illness Research, Education and Clinical Center",va rocky mountain mental illness research education and clinical center,source_observed,pending,,,,va_station,554,1,,,legacy_vamc_reference,2
42,va-station:554,VA Eastern Colorado Health Care System,campus,unknown,,,US,active,,,VA Rocky Mountain Network,va rocky mountain network,source_observed,pending,,,,va_station,554,1,,,legacy_vamc_reference,2
114,va-station:589a5,VA Eastern Kansas Health Care System,campus,unknown,,,US,active,,,VA Eastern Kansas Health Care System,va eastern kansas health care system,canonical,pending,,,,va_station,589A5,1,,,legacy_vamc_reference,2
114,va-station:589a5,VA Eastern Kansas Health Care System,campus,unknown,,,US,active,,,VA Eastern Kansas Health Care System,va eastern kansas health care system,canonical,pending,,,,va_station,589A6,0,,,legacy_vamc_reference,2
114,va-station:589a5,VA Eastern Kansas Health Care System,campus,unknown,,,US,active,,,Colmery-O'Neil VA Medical Center,colmery o neil va medical center,source_observed,pending,,,,va_station,589A5,1,,,legacy_vamc_reference,2
114,va-station:589a5,VA Eastern Kansas Health Care System,campus,unknown,,,US,active,,,Colmery-O'Neil VA Medical Center,colmery o neil va medical center,source_observed,pending,,,,va_station,589A6,0,,,legacy_vamc_reference,2
114,va-station:589a5,VA Eastern Kansas Health Care System,campus,unknown,,,US,active,,,Dwight D. Eisenhower VA Medical Center,dwight d eisenhower va medical center,source_observed,pending,,,,va_station,589A5,1,,,legacy_vamc_reference,2
114,va-station:589a5,VA Eastern Kansas Health Care System,campus,unknown,,,US,active,,,Dwight D. Eisenhower VA Medical Center,dwight d eisenhower va medical center,source_observed,pending,,,,va_station,589A6,0,,,legacy_vamc_reference,2
68,va-station:620,VA Hudson Valley Health Care System,campus,unknown,,,US,active,,,VA Hudson Valley Health Care System,va hudson valley health care system,canonical,pending,,,,va_station,620,1,,,legacy_vamc_reference,2
68,va-station:620,VA Hudson Valley Health Care System,campus,unknown,,,US,active,,,"VA Hudson Valley Health Care System (includes Castle Point Campus and Montrose, NY)",va hudson valley health care system includes castle point campus and montrose ny,source_observed,pending,,,,va_station,620,1,,,legacy_vamc_reference,2
39,va-station:550,VA Illiana Health Care System,campus,unknown,,,US,active,,,VA Illiana Health Care System,va illiana health care system,canonical,pending,,,,va_station,550,1,,,legacy_vamc_reference,2
61,va-station:605,VA Loma Linda Healthcare System,campus,unknown,,,US,active,,,VA Loma Linda Healthcare System,va loma linda healthcare system,canonical,pending,,,,va_station,605,1,,,legacy_vamc_reference,2
61,va-station:605,VA Loma Linda Healthcare System,campus,unknown,,,US,active,,,Jerry L. Pettis Memorial VA Medical Center,jerry l pettis memorial va medical center,source_observed,pending,,,,va_station,605,1,,,legacy_vamc_reference,2
59,va-station:600,VA Long Beach Healthcare System,campus,unknown,,,US,active,,,VA Long Beach Healthcare System,va long beach healthcare system,canonical,pending,,,,va_station,600,1,,,legacy_vamc_reference,2
59,va-station:600,VA Long Beach Healthcare System,campus,unknown,,,US,active,,,Tibor Rubin VA Medical Center,tibor rubin va medical center,source_observed,pending,,,,va_station,600,1,,,legacy_vamc_reference,2
4,va-station:436,VA Montana Health Care System,campus,unknown,,,US,active,,,VA Montana Health Care System,va montana health care system,canonical,pending,,,,va_station,436,1,,,legacy_vamc_reference,2
112,va-station:561,VA New Jersey Health Care System,campus,unknown,,,US,active,,,VA New Jersey Health Care System,va new jersey health care system,canonical,pending,,,,va_station,561,1,,,legacy_vamc_reference,2
112,va-station:561,VA New Jersey Health Care System,campus,unknown,,,US,active,,,VA New Jersey Health Care System,va new jersey health care system,canonical,pending,,,,va_station,561A4,0,,,legacy_vamc_reference,2
112,va-station:561,VA New Jersey Health Care System,campus,unknown,,,US,active,,,East Orange VA Medical Center (includes Lyons),east orange va medical center includes lyons,source_observed,pending,,,,va_station,561,1,,,legacy_vamc_reference,2
112,va-station:561,VA New Jersey Health Care System,campus,unknown,,,US,active,,,East Orange VA Medical Center (includes Lyons),east orange va medical center includes lyons,source_observed,pending,,,,va_station,561A4,0,,,legacy_vamc_reference,2
112,va-station:561,VA New Jersey Health Care System,campus,unknown,,,US,active,,,New York/New Jersey VA Health Care Network,new york new jersey va health care network,source_observed,pending,,,,va_station,561,1,,,legacy_vamc_reference,2
112,va-station:561,VA New Jersey Health Care System,campus,unknown,,,US,active,,,New York/New Jersey VA Health Care Network,new york new jersey va health care network,source_observed,pending,,,,va_station,561A4,0,,,legacy_vamc_reference,2
38,va-station:549,VA North Texas Health Care System,campus,unknown,,,US,active,,,VA North Texas Health Care System,va north texas health care system,canonical,pending,,,,va_station,549,1,,,legacy_vamc_reference,2
38,va-station:549,VA North Texas Health Care System,campus,unknown,,,US,active,,,"VA North Texas Health Care System (Dallas, TX)",va north texas health care system dallas tx,source_observed,pending,,,,va_station,549,1,,,legacy_vamc_reference,2
64,va-station:612,VA Northern California Health Care System,campus,unknown,,,US,active,,,VA Northern California Health Care System,va northern california health care system,canonical,pending,,,,va_station,612,1,,,legacy_vamc_reference,2
64,va-station:612,VA Northern California Health Care System,campus,unknown,,,US,active,,,Sacramento VA Medical Center,sacramento va medical center,source_observed,pending,,,,va_station,612,1,,,legacy_vamc_reference,2
23,va-station:527,VA NY Harbor Healthcare System,campus,unknown,,,US,active,,,VA NY Harbor Healthcare System,va ny harbor healthcare system,canonical,pending,,,,va_station,527,1,,,legacy_vamc_reference,2
23,va-station:527,VA NY Harbor Healthcare System,campus,unknown,,,US,active,,,VA NY Harbor Healthcare System,va ny harbor healthcare system,canonical,pending,,,,va_station,630,0,,,legacy_vamc_reference,2
23,va-station:527,VA NY Harbor Healthcare System,campus,unknown,,,US,active,,,VA NY Harbor Healthcare System,va ny harbor healthcare system,canonical,pending,,,,va_station,630A4,0,,,legacy_vamc_reference,2
23,va-station:527,VA NY Harbor Healthcare System,campus,unknown,,,US,active,,,VA NY Harbor Healthcare System (includes Brooklyn and Manhattan),va ny harbor healthcare system includes brooklyn and manhattan,source_observed,pending,,,,va_station,527,1,,,legacy_vamc_reference,2
23,va-station:527,VA NY Harbor Healthcare System,campus,unknown,,,US,active,,,VA NY Harbor Healthcare System (includes Brooklyn and Manhattan),va ny harbor healthcare system includes brooklyn and manhattan,source_observed,pending,,,,va_station,630,0,,,legacy_vamc_reference,2
23,va-station:527,VA NY Harbor Healthcare System,campus,unknown,,,US,active,,,VA NY Harbor Healthcare System (includes Brooklyn and Manhattan),va ny harbor healthcare system includes brooklyn and manhattan,source_observed,pending,,,,va_station,630A4,0,,,legacy_vamc_reference,2
8,va-station:459,VA Pacific Islands Health Care System,campus,unknown,,,US,active,,,VA Pacific Islands Health Care System,va pacific islands health care system,canonical,pending,,,,va_station,459,1,,,legacy_vamc_reference,2
8,va-station:459,VA Pacific Islands Health Care System,campus,unknown,,,US,active,,,"VA Pacific Islands Health Care System (Honolulu, HI)",va pacific islands health care system honolulu hi,source_observed,pending,,,,va_station,459,1,,,legacy_vamc_reference,2
118,va-station:640,VA Palo Alto Health Care System,campus,unknown,,,US,active,,,VA Palo Alto Health Care System,va palo alto health care system,canonical,pending,,,,va_station,640,1,,,legacy_vamc_reference,2
118,va-station:640,VA Palo Alto Health Care System,campus,unknown,,,US,active,,,VA Palo Alto Health Care System,va palo alto health care system,canonical,pending,,,,va_station,640MPD,0,,,legacy_vamc_reference,2
118,va-station:640,VA Palo Alto Health Care System,campus,unknown,,,US,active,,,VA Palo Alto Health Care System (includes Menlo Park),va palo alto health care system includes menlo park,source_observed,pending,,,,va_station,640,1,,,legacy_vamc_reference,2
118,va-station:640,VA Palo Alto Health Care System,campus,unknown,,,US,active,,,VA Palo Alto Health Care System (includes Menlo Park),va palo alto health care system includes menlo park,source_observed,pending,,,,va_station,640MPD,0,,,legacy_vamc_reference,2
119,va-station:646,VA Pittsburgh Healthcare System,campus,unknown,,,US,active,,,VA Pittsburgh Healthcare System,va pittsburgh healthcare system,canonical,pending,,,,va_station,646,1,,,legacy_vamc_reference,2
119,va-station:646,VA Pittsburgh Healthcare System,campus,unknown,,,US,active,,,VA Pittsburgh Healthcare System,va pittsburgh healthcare system,canonical,pending,,,,va_station,646A4,0,,,legacy_vamc_reference,2
119,va-station:646,VA Pittsburgh Healthcare System,campus,unknown,,,US,active,,,VA Pittsburgh Healthcare System (includes H.J. Heinz Campus),va pittsburgh healthcare system includes h j heinz campus,source_observed,pending,,,,va_station,646,1,,,legacy_vamc_reference,2
119,va-station:646,VA Pittsburgh Healthcare System,campus,unknown,,,US,active,,,VA Pittsburgh Healthcare System (includes H.J. Heinz Campus),va pittsburgh healthcare system includes h j heinz campus,source_observed,pending,,,,va_station,646A4,0,,,legacy_vamc_reference,2
120,va-station:663,VA Puget Sound Health Care System,campus,unknown,,,US,active,,,VA Puget Sound Health Care System,va puget sound health care system,canonical,pending,,,,va_station,663,1,,,legacy_vamc_reference,2
120,va-station:663,VA Puget Sound Health Care System,campus,unknown,,,US,active,,,VA Puget Sound Health Care System,va puget sound health care system,canonical,pending,,,,va_station,663A4,0,,,legacy_vamc_reference,2
120,va-station:663,VA Puget Sound Health Care System,campus,unknown,,,US,active,,,VA Puget Sound Health Care System (includes American Lake),va puget sound health care system includes american lake,source_observed,pending,,,,va_station,663,1,,,legacy_vamc_reference,2
120,va-station:663,VA Puget Sound Health Care System,campus,unknown,,,US,active,,,VA Puget Sound Health Care System (includes American Lake),va puget sound health care system includes american lake,source_observed,pending,,,,va_station,663A4,0,,,legacy_vamc_reference,2
89,va-station:660,VA Salt Lake City Health care System,campus,unknown,,,US,active,,,VA Salt Lake City Health care System,va salt lake city health care system,canonical,pending,,,,va_station,660,1,,,legacy_vamc_reference,2
89,va-station:660,VA Salt Lake City Health care System,campus,unknown,,,US,active,,,George E. Wahlen Department of VA Medical Center,george e wahlen department of va medical center,source_observed,pending,,,,va_station,660,1,,,legacy_vamc_reference,2
91,va-station:664,VA San Diego Healthcare System,campus,unknown,,,US,active,,,VA San Diego Healthcare System,va san diego healthcare system,canonical,pending,,,,va_station,664,1,,,legacy_vamc_reference,2
92,va-station:665,VA Sepulveda Ambulatory Care Center,campus,unknown,,,US,active,,,VA Sepulveda Ambulatory Care Center,va sepulveda ambulatory care center,canonical,pending,,,,va_station,665,1,,,legacy_vamc_reference,2
84,va-station:654,VA Sierra Nevada Health Care System,campus,unknown,,,US,active,,,VA Sierra Nevada Health Care System,va sierra nevada health care system,canonical,pending,,,,va_station,654,1,,,legacy_vamc_reference,2
84,va-station:654,VA Sierra Nevada Health Care System,campus,unknown,,,US,active,,,"VA Sierra Nevada Health Care System (Reno, NV)",va sierra nevada health care system reno nv,source_observed,pending,,,,va_station,654,1,,,legacy_vamc_reference,2
56,va-station:593,VA Southern Nevada Healthcare System,campus,unknown,,,US,active,,,VA Southern Nevada Healthcare System,va southern nevada healthcare system,canonical,pending,,,,va_station,593,1,,,legacy_vamc_reference,2
56,va-station:593,VA Southern Nevada Healthcare System,campus,unknown,,,US,active,,,"VA Southern Nevada Healthcare System (Las Vegas, NV)",va southern nevada healthcare system las vegas nv,source_observed,pending,,,,va_station,593,1,,,legacy_vamc_reference,2
71,va-station:626,VA Tennessee Valley Healthcare System,campus,unknown,,,US,active,,,VA Tennessee Valley Healthcare System,va tennessee valley healthcare system,canonical,pending,,,,va_station,626,1,,,legacy_vamc_reference,2
71,va-station:626,VA Tennessee Valley Healthcare System,campus,unknown,,,US,active,,,Nashville VA Medical Center,nashville va medical center,source_observed,pending,,,,va_station,626,1,,,legacy_vamc_reference,2
105,va-station:691,VA West Los Angeles Medical Center,campus,unknown,,,US,active,,,VA West Los Angeles Medical Center,va west los angeles medical center,canonical,pending,,,,va_station,691,1,,,legacy_vamc_reference,2
105,va-station:691,VA West Los Angeles Medical Center,campus,unknown,,,US,active,,,VA Greater Los Angeles Healthcare System,va greater los angeles healthcare system,source_observed,pending,,,,va_station,691,1,,,legacy_vamc_reference,2
48,va-station:575,VA Western Colorado (Grand Junction),campus,unknown,,,US,active,,,VA Western Colorado (Grand Junction),va western colorado grand junction,canonical,pending,,,,va_station,575,1,,,legacy_vamc_reference,2
24,va-station:528,VA Western New York Healthcare System,campus,unknown,,,US,active,,,VA Western New York Healthcare System,va western new york healthcare system,canonical,pending,,,,va_station,528,1,,,legacy_vamc_reference,2
24,va-station:528,VA Western New York Healthcare System,campus,unknown,,,US,active,,,VA Western New York Healthcare System,va western new york healthcare system,canonical,pending,,,,va_station,528A4,0,,,legacy_vamc_reference,2
24,va-station:528,VA Western New York Healthcare System,campus,unknown,,,US,active,,,Buffalo VA Medical Center,buffalo va medical center,source_observed,pending,,,,va_station,528,1,,,legacy_vamc_reference,2
24,va-station:528,VA Western New York Healthcare System,campus,unknown,,,US,active,,,Buffalo VA Medical Center,buffalo va medical center,source_observed,pending,,,,va_station,528A4,0,,,legacy_vamc_reference,2
24,va-station:528,VA Western New York Healthcare System,campus,unknown,,,US,active,,,VA Western New York Healthcare System at Batavia,va western new york healthcare system at batavia,source_observed,pending,,,,va_station,528,1,,,legacy_vamc_reference,2
24,va-station:528,VA Western New York Healthcare System,campus,unknown,,,US,active,,,VA Western New York Healthcare System at Batavia,va western new york healthcare system at batavia,source_observed,pending,,,,va_station,528A4,0,,,legacy_vamc_reference,2
45,va-station:564,Veterans Health Care System of the Ozarks,campus,unknown,,,US,active,,,Veterans Health Care System of the Ozarks,veterans health care system of the ozarks,canonical,pending,,,,va_station,564,1,,,legacy_vamc_reference,2
45,va-station:564,Veterans Health Care System of the Ozarks,campus,unknown,,,US,active,,,Veterans Health Care System of the Ozarks,veterans health care system of the ozarks,canonical,pending,,,,va_station,565,0,,,legacy_vamc_reference,2
45,va-station:564,Veterans Health Care System of the Ozarks,campus,unknown,,,US,active,,,Fayetteville VA Medical Center,fayetteville va medical center,source_observed,pending,,,,va_station,564,1,,,legacy_vamc_reference,2
45,va-station:564,Veterans Health Care System of the Ozarks,campus,unknown,,,US,active,,,Fayetteville VA Medical Center,fayetteville va medical center,source_observed,pending,,,,va_station,565,0,,,legacy_vamc_reference,2
88,va-station:659,W. G. (Bill) Hefner VA Medical Center,campus,unknown,,,US,active,,,W. G. (Bill) Hefner VA Medical Center,w g bill hefner va medical center,canonical,pending,,,,va_station,659,1,,,legacy_vamc_reference,2
88,va-station:659,W. G. (Bill) Hefner VA Medical Center,campus,unknown,,,US,active,,,"W. G. (Bill) Hefner VA Medical Center (Salisbury, NC)",w g bill hefner va medical center salisbury nc,source_observed,pending,,,,va_station,659,1,,,legacy_vamc_reference,2
103,va-station:688,Washington DC VA Medical Center,campus,unknown,,,US,active,,,Washington DC VA Medical Center,washington dc va medical center,canonical,pending,,,,va_station,688,1,,,legacy_vamc_reference,2
37,va-station:548,West Palm Beach VA Medical Center,campus,unknown,,,US,active,,,West Palm Beach VA Medical Center,west palm beach va medical center,canonical,pending,,,,va_station,548,1,,,legacy_vamc_reference,2
3,va-station:405,White River Junction VA Medical Center,campus,unknown,,,US,active,,,White River Junction VA Medical Center,white river junction va medical center,canonical,pending,,,,va_station,405,1,,,legacy_vamc_reference,2
106,va-station:693,Wilkes-Barre VA Medical Center,campus,unknown,,,US,active,,,Wilkes-Barre VA Medical Center,wilkes barre va medical center,canonical,pending,,,,va_station,693,1,,,legacy_vamc_reference,2
62,va-station:607,William S. Middleton Memorial Veterans Hospital,campus,unknown,,,US,active,,,William S. Middleton Memorial Veterans Hospital,william s middleton memorial veterans hospital,canonical,pending,,,,va_station,607,1,,,legacy_vamc_reference,2
62,va-station:607,William S. Middleton Memorial Veterans Hospital,campus,unknown,,,US,active,,,"William S. Middleton Memorial Veterans Hospital (Madison, WI)",william s middleton memorial veterans hospital madison wi,source_observed,pending,,,,va_station,607,1,,,legacy_vamc_reference,2
9,va-station:460,Wilmington VA Medical Center,campus,unknown,,,US,active,,,Wilmington VA Medical Center,wilmington va medical center,canonical,pending,,,,va_station,460,1,,,legacy_vamc_reference,2
35,va-station:544,Wm. Jennings Bryan Dorn VA Medical Center,campus,unknown,,,US,active,,,Wm. Jennings Bryan Dorn VA Medical Center,wm jennings bryan dorn va medical center,canonical,pending,,,,va_station,544,1,,,legacy_vamc_reference,2
35,va-station:544,Wm. Jennings Bryan Dorn VA Medical Center,campus,unknown,,,US,active,,,Columbia VA Health Care System,columbia va health care system,source_observed,pending,,,,va_station,544,1,,,legacy_vamc_reference,2
